Column1,Column2,Column3
Let's Hear It for the Boy,Deniece Williams,6518d70be846f5f15d1eae18
maybe we need a break,Slchld,6518e851c59c091e00e161bd
너 때문에 미쳐,T-ara,6518e851c59c091e00e161e8
I'm Your Girl,S.E.S.,6518d70be846f5f15d1eb27b
bao tiền một mớ bình yên?,14 Casper,6518e7d4c59c091e00e15806
Không cần phải hứa đâu em,Pham Khanh Hung,6518d70be846f5f15d1eb1eb
Có Đâu Ai Ngờ,Cam,6518e851c59c091e00e16037
Lời Nhắn Của Mưa '2014,The Bao,6518e851c59c091e00e161f6
hai mươi hai (22),Hua Kim Tuyen,6518e851c59c091e00e160be
Heartbreak Anniversary,GIVĒON,6518d70be846f5f15d1eaef7
Thong Song,Sisqó,6518d70be846f5f15d1eb2d9
Sầu Tím Thiệp Hồng,Quang Le,6518e851c59c091e00e16190
Sau Lưng Anh Có Ai Kìa,Thieu Bao Tram,6518e851c59c091e00e16201
Tinh Quay Got,Dan Truong,6518d70be846f5f15d1eae08
At My Worst,Pink Sweat$,6518d70be846f5f15d1eb201
"Attention (Feat. DAWN, BLASÉ)",Gemini,6518e851c59c091e00e1609b
Where the sea sleeps,DAY6 (Even of Day),6518e851c59c091e00e16058
Mãi mãi là một lời nói dối,Khong Tu Quynh,6518e851c59c091e00e160ff
Dù Cho Mai Về Sau,buitruonglinh,6518e851c59c091e00e16031
Mật Ngọt,DungHoangPham,6518e851c59c091e00e16071
Tối Nay Một Mình,Lou Hoang,6518d70be846f5f15d1eb0bd
사랑해 그리고 기억해,god,6518d70be846f5f15d1eaf02
Someone You Loved,Lewis Capaldi,6518d70be846f5f15d1eb08e
Tháng Năm,Soobin Hoàng Sơn,6518e851c59c091e00e161cb
One More Night,Maroon 5,6518d70be846f5f15d1eb10e
Không Yêu Đừng Gây Thương Nhớ,LyLy,6518d70be846f5f15d1eb0db
Yêu Một Người Sao Buồn Đến Thế,Noo Phuoc Thinh,6518d70be846f5f15d1eb1a1
Cơn Mưa Nhỏ Đầu Mùa,Pham Anh Duy,6518e851c59c091e00e16173
Ai Là Người Thương Em,Quan A.P,6518e851c59c091e00e1618b
Yeah! (feat. Lil Jon & Ludacris),Usher,6518d70be846f5f15d1eb404
누난 너무 예뻐 Replay,SHINee,6518e851c59c091e00e161b6
Cả Một Trời Thương Nhớ,Ho Ngoc Ha,6518d70be846f5f15d1eaf57
Gotta Get Back,Pink Sweat$,6518e851c59c091e00e16184
Something Just Like This,Coldplay,6518d70be846f5f15d1eade3
This love (feat. Paul Blanco),Hyolyn,6518d70be846f5f15d1eaf94
Lời Đường Mật (feat. HIEUTHUHAI),LyLy,6518d70be846f5f15d1eb0dc
The Way You Move (feat. Sleepy Brown),Outkast,6518d70be846f5f15d1eb1d3
HEAT,Camo,6518d70be846f5f15d1ead96
Kẻ ở miền xa,Giang Tu,6518d70be846f5f15d1eaeed
Chill Bill (feat. J. Davi$ & Spooks),Rob $tone,6518d70be846f5f15d1eb256
Nxde,(G)I-DLE,6518e7d4c59c091e00e15802
Shoong!,TAEYANG,6518d70be846f5f15d1eb32a
Đắp Mộ Cuộc Tình,Đan Nguyên,6518e851c59c091e00e16273
kho báu đánh rơi,Tlinh,6518e851c59c091e00e1620e
Cà Phê,Min,6518e851c59c091e00e16131
Em Về Kẻo Trời Mưa,Le Quyen,6518d70be846f5f15d1eb07f
Thất Tình Thường Xấu Tính (feat. Ricky Star),LyLy,6518d70be846f5f15d1eb0dd
Mùa Thu Lá Bay,Nhu Quynh,6518d70be846f5f15d1eb189
WONDERLAND,TRI.BE,6518e851c59c091e00e16223
Em lại nhớ Anh rồi x TTM Remix VNH,Tuệ Phương,6518e851c59c091e00e16231
Dog Days Are Over,Florence + The Machine,6518d70be846f5f15d1eaec2
Never Knew Love Like This Before,Quinze,6518d70be846f5f15d1eb230
For The Both of Us,Dan + Shay,6518d70be846f5f15d1eaec7
Top or Cliff,KIM SEJEONG,6518d70be846f5f15d1eb051
Ngày Anh Đến,Luu Bich,6518d70be846f5f15d1eb0d8
Sầu Lẻ Bóng,Le Quyen,6518e851c59c091e00e16109
Mơ,Vu Cat Tuong,6518e851c59c091e00e1624d
Diễm Xưa,Kien Trinh,6518d70be846f5f15d1eb04a
NEON BLADE,MoonDeity,6518d70be846f5f15d1eb148
Bản Tin Dự Báo Trời Có Mưa,Jsol,6518e851c59c091e00e160ed
Lâu Lâu Nhắc Lại,Ha Nhi,6518e851c59c091e00e160ac
Chu~♡,F(x),6518e851c59c091e00e1608a
Anh Muốn Em Sống Sao,Minh Tuyet,6518d70be846f5f15d1eb137
Trả Lại Em,Luu Bich,6518d70be846f5f15d1eb0d9
Người Ngoài Phố,Nhu Quynh,6518e851c59c091e00e1615b
Sky's the Limit,Full Intention,6518d70be846f5f15d1eaedc
Tình ka ngọt ngào,Orinn Sped,6518e851c59c091e00e1616f
căn gác mùa hè (sweet summer),Phung Khanh Linh,6518d70be846f5f15d1eb1f0
Uoc Gi,My Tam,6518d70be846f5f15d1eb162
Lúc Em Cần Anh Đang Ở Đâu,Bao Uyen,6518e851c59c091e00e1600e
Cupid – Twin Ver. (feat. Sabrina Carpenter),Fifty Fifty,6518e851c59c091e00e16093
Anh Đã Quen Với Cô Đơn,Soobin Hoàng Sơn,6518e851c59c091e00e161ca
Sau Này Của Chúng Ta,Le Hieu,6518e851c59c091e00e16108
Lady Marmalade,Christina Aguilera,6518d70be846f5f15d1eadcd
LIPMARK,M Naive,6518d70be846f5f15d1eb0e1
Dare to Love (feat. BIG Naughty),B.i,6518d70be846f5f15d1eacfb
Làm Gì Phải Hốt,Hoang Thuy Linh,6518d70be846f5f15d1eaf69
Có Ai Thương Em Như Anh,Toc Tien,6518e851c59c091e00e16214
Còn Tuổi Nào Cho Em,Minh,6518d70be846f5f15d1eb136
Seven (feat. Latto) (Explicit Ver.),Jungkook,6518d70be846f5f15d1eb015
Ice Cream,BLACKPINK,6518d70be846f5f15d1ead4f
"'Round Midnight (feat. John Coltrane, Red Garland, Paul Chambers & Philly Joe Jones)",Miles Davis/John Coltrane/Red Garland/Paul Chambers/Philly Joe Jones,6518e851c59c091e00e1619f
Từ Khung Cửa Sổ Này,Suni Ha Linh,6518e851c59c091e00e161e2
emconnho ... ???,Hoang Ton,6518e851c59c091e00e160ba
Giữa Đại Lộ Đông Tây,Uyen Linh,6518e851c59c091e00e16243
Buồn Không Thể Buông,Trung Quan,6518d70be846f5f15d1eb3d4
Chạy Về Khóc Với Anh,Erik,6518d70be846f5f15d1eae82
Nguoi Yeu Cu,Khoi My,6518d70be846f5f15d1eb047
Chuyện hẹn hò,Nhat Truong,6518e851c59c091e00e1615a
Know me,Gemini,6518e851c59c091e00e1609c
Lý Do Nào Để Quay Lại Với Nhau,Par SG,6518d70be846f5f15d1eb1dc
RATA-TAT-TAT,GOLDEN CHILD,6518e851c59c091e00e160a1
The 6th Summer,Plavé,6518e851c59c091e00e16185
Hà Nội mùa vắng những cơn mưa,Cam Van,6518d70be846f5f15d1ead95
Nhìn Những Mùa Thu Đi,Bui Lan Huong,6518d70be846f5f15d1ead83
Chim Câu Ngực Gầy,MTV BAND,6518d70be846f5f15d1eb153
Chia Tay Trong Mưa,Charmy pham,6518e851c59c091e00e1603f
Anh Se On Thoi,Vuong Anh Tu,6518e851c59c091e00e1624f
Never Enough,Loren Allred,6518d70be846f5f15d1eb0b8
Is It Just Me?,Sasha Alex Sloan,6518d70be846f5f15d1eb28e
Beg for You (feat. Rina Sawayama),Charli XCX,6518e851c59c091e00e1603e
ưng quá chừng,Amee,6518e851c59c091e00e15ff6
tình yêu có nghĩa là gì?,Tlinh,6518e851c59c091e00e16211
Electric Love,BØRNS,6518d70be846f5f15d1ead86
để quên,Ngot,6518e851c59c091e00e16152
You,Dan + Shay,6518e7d4c59c091e00e157fb
Scream,DREAMCATCHER,6518e851c59c091e00e1606f
You're Still The One,Shania Twain,6518d70be846f5f15d1eb47d
Ôm em lần cuối,Nit,6518d70be846f5f15d1eb197
Thanh Pho Buon,Lan Anh,6518e851c59c091e00e16106
Hoa Cỏ Lau,Phong Max,6518e851c59c091e00e16179
Cô Gái Vàng (feat. Tùng Viu),Huyr,6518d70be846f5f15d1eaf8e
Sao Anh Nỡ Đành Quên,Quang Le,6518e851c59c091e00e1618f
Na Na Na (나나나),Steve Yoo,6518d70be846f5f15d1eb309
Scared to Be Lonely,Martin Garrix,6518d70be846f5f15d1eb116
Đẩy Xe Bò,Phuong My Chi,6518d70be846f5f15d1eb1f5
Nắng Lung Linh,Nguyen Thuong,6518d70be846f5f15d1eb180
Em Về Tinh Khôi,Amee,6518d70be846f5f15d1eacb2
Shady Girl,Sistar,6518e851c59c091e00e161bb
Không Bằng,NA,6518e851c59c091e00e16142
Empire State Of Mind,JAY Z,6518e851c59c091e00e160dc
"Love, Maybe",SECRET NUMBER,6518e851c59c091e00e161a9
hnhngan - Internet Love (ft. Tyronee) | Official M/V,VSTRA,6518e7d4c59c091e00e156e1
Tưởng Là Hiểu Nhau...,Trinh Thang Binh,6518e851c59c091e00e16225
đưa em về nhàa,Grey D,6518e851c59c091e00e160a6
Up Where We Belong,Joe Cocker,6518e851c59c091e00e160e7
Sour Candy,Lady Gaga,6518d70be846f5f15d1eb069
Hay Ve Day Ben Anh,Duy Manh,6518d70be846f5f15d1eae66
Sự Thật Ta Yêu Nhau,My Tam,6518d70be846f5f15d1eb161
Đủ trải sẽ thấm,Mike,6518d70be846f5f15d1eb130
Cho Bạn Cho Tôi,Cara,6518d70be846f5f15d1eada0
Làm Bồ Anh Nhá,Phạm Đình Thái Ngân,6518d70be846f5f15d1eb1fc
Lean On (feat. MØ & DJ Snake),Major Lazer,6518d70be846f5f15d1eb0ec
Xin Lỗi Anh,Minh Tuyet,6518d70be846f5f15d1eb13a
UNFORGIVEN,LE SSERAFIM,6518e851c59c091e00e16110
Please,Jessie Ware,6518d70be846f5f15d1eb006
Tấm Lòng Son,Mus,6518e851c59c091e00e1613b
Và Ngày Nào Đó,Trung Quan,6518e851c59c091e00e1622c
người điên,Tlinh,6518d70be846f5f15d1eb3ad
ThichThich,Phuong Ly,6518e851c59c091e00e1617e
Anh làm tất cả vì,Nguyễn,6518e851c59c091e00e16155
Techno Disco Tool,Mella Dee,6518d70be846f5f15d1eb125
'Round Midnight,Thelonious Monk,6518e7d4c59c091e00e1560a
Cỏ úa,Don Ho,6518d70be846f5f15d1eae3a
Big Poppa,The Notorious B.I.G.,6518d70be846f5f15d1eb371
You Will Be Found,Sam Smith,6518d70be846f5f15d1eb28b
Mãi yêu người thôi,Lam Nhat Tien,6518d70be846f5f15d1eb06c
We Should Get Married,Dan + Shay,6518d70be846f5f15d1eb42d
Giang Hải Không Độ Nàng (Remix),Orinn,6518e851c59c091e00e1616a
Đêm Lao Xao,Hoa Minzy,6518d70be846f5f15d1eaf5c
Tình Đắng Như Ly Cà Phê,Nan,6518e851c59c091e00e16143
0X1=LOVESONG (I Know I Love You),TOMORROW X TOGETHER,6518e851c59c091e00e16217
Alcohol-Free,TWICE,6518e851c59c091e00e16233
nàng thơ... trời giấu trời mang đi,Amee,6518e851c59c091e00e15ff2
ghệ iu dấu của em ơi,Tlinh,6518d70be846f5f15d1eb3ac
I Bet You Think About Me (Taylor's Version) (From The Vault),Taylor Swift,6518e851c59c091e00e161ee
Rồi Mình Sẽ Gặp Nhau,Hoàng Duyên,6518d70be846f5f15d1eaf84
WAKE UP!,MoonDeity,6518d70be846f5f15d1eb149
Jump Around,House of Pain,6518d70be846f5f15d1eaf79
Thanh Xuân,Da Lab,6518d70be846f5f15d1eadff
Anh Tự Do Nhưng Cô Đơn,Trung Quan,6518e851c59c091e00e16226
Alone,Marshmello,6518d70be846f5f15d1eb112
Hồi Kết,Ha Nhi,6518d70be846f5f15d1eaf2c
Chỉ Muốn Bên Em Thật Gần,YLing,6518e851c59c091e00e1626b
Anh Không Muốn Bất Công Với Em,Ung Hoang Phuc,6518d70be846f5f15d1eb3f7
Anh là tia nắng trong em,Lam Thuy Van,6518d70be846f5f15d1eb06d
Chắc Anh Có Nỗi Khổ Tâm,Thieu Bao Tram,6518e851c59c091e00e16200
LIMBO,Keshi,6518d70be846f5f15d1eb042
Không Cần,The Sheep,6518e851c59c091e00e161fe
Chiếc Lá Mùa Đông,Nguyen Hung,6518d70be846f5f15d1eb17f
Đừng Nói Xa Nhau,Manh Quynh,6518d70be846f5f15d1eb0fd
Ném Câu Yêu Vào Không Trung,Hoang Dung,6518d70be846f5f15d1eaf5f
Steal The Show,Shaun,6518e851c59c091e00e161b1
Thở (feat. Juky San),Da Lab,6518d70be846f5f15d1eae00
SLAY,Everglow,6518d70be846f5f15d1eae8b
Thương Em Là Điều Anh Không Thể Ngờ,Noo Phuoc Thinh,6518e851c59c091e00e1615e
Forever Only,Jaehyun,6518e851c59c091e00e160d4
"3RACHA (Bang Chan, Changbin, HAN)",Stray Kids,6518e851c59c091e00e161d3
Tất Cả Sẽ Thay Em,Pham Quynh Anh,6518e851c59c091e00e16174
Sài Gòn Hôm Nay Mưa,Jsol,6518d70be846f5f15d1eb010
Sau Những Lần Đau,Dung,6518e851c59c091e00e16070
24K Magic,Bruno Mars,6518d70be846f5f15d1eac6b
Quantum,Martin Garrix,6518d70be846f5f15d1eb115
Em Là Nhất,Cukak,6518e851c59c091e00e1604f
Breath,Highlight,6518e851c59c091e00e160b3
Trái Tim Bên Lề,Bang Kieu,6518d70be846f5f15d1ead1a
Lời Của Gió,Bang Kieu,6518d70be846f5f15d1ead18
Như Anh Đã Thấy Em,PhucXP,6518d70be846f5f15d1eb1ef
THE GIRLS,BLACKPINK,6518e851c59c091e00e16020
Ai Rồi Cũng Sẽ Khác,Ha Nhi,6518d70be846f5f15d1eaf29
Dấu Mưa,Trung Quan Idol,6518e851c59c091e00e1622d
Even When,Joshua Bassett,6518d70be846f5f15d1eb00f
exile,Taylor Swift,6518d70be846f5f15d1eb33c
Right Through Me,DAY6 (Even of Day),6518e851c59c091e00e16057
Thích Quá Rùi Nà,Tlinh,6518e851c59c091e00e1620f
Tình Ca Tình Ta,Kis,6518e851c59c091e00e16102
Don't Côi,RPT Orijinn,6518d70be846f5f15d1eb268
Cưới Thôi,Masew,6518d70be846f5f15d1eb117
Be Mine,INFINITE,6518e851c59c091e00e160c9
Chạy Khỏi Thế Giới Này,Da Lab,6518e851c59c091e00e16054
Harleys In Hawaii,Katy Perry,6518d70be846f5f15d1eaf38
D (Half Moon),Dean,6518e851c59c091e00e1605e
Get Lucky,Daft Punk,6518d70be846f5f15d1eae03
Đừng Như Thói Quen,Jaykii,6518d70be846f5f15d1eaffe
Lạc Trôi,Son Tung M-TP,6518e851c59c091e00e161c4
Summer Lovin',Cerrone,6518d70be846f5f15d1eadaf
Triplet,Kaaze,6518d70be846f5f15d1eb02e
xích thêm chút nữa,Tlinh,6518e851c59c091e00e16212
Đáp Án Cuối Cùng,Quan A.P,6518d70be846f5f15d1eb224
Muộn Rồi Mà Sao Còn,Son Tung M-TP,6518e851c59c091e00e161c5
Ngày Trôi Về Phía Cũ,Trung Quan Idol,6518e851c59c091e00e1622e
Chuyện Tình Mình (feat. Quốc Khanh),Hoang Thuc Linh,6518d70be846f5f15d1eaf63
PULL UP,Viviz,6518e851c59c091e00e1624b
POPPY,STAYC,6518e851c59c091e00e161d1
Boss Bitch,Doja Cat,6518d70be846f5f15d1ead6a
How Do You Know,Paul Oakenfold,6518e851c59c091e00e16170
Hứa Thật Nhiều Thất Hứa Thật Nhiều,Ung Hoang Phuc,6518d70be846f5f15d1eb3f8
One Kiss,Calvin Harris,6518d70be846f5f15d1ead90
PROVENZA,KAROL G,6518d70be846f5f15d1eb033
Don't You Worry Child,Swedish House Mafia,6518d70be846f5f15d1eb321
Hát Cho Người Ở Lại,My Tam,6518d70be846f5f15d1eb160
Hoang Mang,Ho Quynh Huong,6518d70be846f5f15d1eaf5b
Kẻ Cô Đơn Trong Thành Phố,Khai,6518e851c59c091e00e160fc
Fly Away,TheFatRat,6518d70be846f5f15d1eb38b
Đổi Hạnh Phúc Lấy Cô Đơn,Song Luan,6518d70be846f5f15d1eb2f0
Wi Ing Wi Ing,Hyukoh,6518e851c59c091e00e160c3
We Are Young (feat. Janelle Monáe),fun.,6518e851c59c091e00e1609a
Mưa Lạnh Tàn Canh,Hoang Thuc Linh,6518d70be846f5f15d1eaf64
Dưới Những Cơn Mưa,Mr.siro,6518e851c59c091e00e16139
Có Ai Hẹn Hò Cùng Em Chưa,Quan A.P,6518e851c59c091e00e1618d
Xin Lỗi,Bao Anh,6518d70be846f5f15d1ead1e
Tình Nào Không Như Tình Đầu,Trung Quan Idol,6518d70be846f5f15d1eb3d5
Love Me Like You Do,Ellie Goulding,6518d70be846f5f15d1eae71
다시 만난 세계 Into the New World,Girls' Generation,6518e851c59c091e00e160a0
Forever & Again,The Kid Laroi,6518d70be846f5f15d1eb366
Xoa Đầu,Erik,6518e851c59c091e00e16084
Không Giờ Rồi,Nhu Quynh,6518d70be846f5f15d1eb188
Nụ Hồng Mong Manh,Hoang Thuc Linh,6518d70be846f5f15d1eaf66
Unity,The Walkers,6518d70be846f5f15d1eb382
Em ơi Hà Nội phố,Ngoc Anh,6518d70be846f5f15d1eb17a
자각몽 Lucid Dream,aespa,6518e851c59c091e00e15fed
Balloon,Adoy,6518e851c59c091e00e15fea
Horizon,Jaehyun,6518d70be846f5f15d1eaff8
Tree,"Car, The Garden",6518e851c59c091e00e16038
Buồn Làm Chi Em Ơi,Nhu Quynh,6518d70be846f5f15d1eb187
Chỉ Là Muốn Nói,Khai,6518e851c59c091e00e160fb
XTC (Xích Thêm Chút),Rapital,6518d70be846f5f15d1eb237
Vẫn Yêu Một Người,Minh Tuyet,6518d70be846f5f15d1eb139
Nếu Ngày Ấy,Soobin Hoàng Sơn,6518d70be846f5f15d1eb2f1
3107 4,W/N,6518e851c59c091e00e1625b
Yếu Đuối,Hoang Dung,6518e851c59c091e00e160b8
Blinding Lights,The Weeknd,6518d70be846f5f15d1ead56
Một Bước Yêu Vạn Dặm Đau,Mr.siro,6518d70be846f5f15d1eb14f
11-Jul,Beyoncé,6518e851c59c091e00e16012
PIRI,DREAMCATCHER,6518d70be846f5f15d1eae54
NEON,RAON,6518e851c59c091e00e16195
Chiều hạ vàng,Bao Yen,6518d70be846f5f15d1ead1f
Blue Tequila,Tao,6518d70be846f5f15d1eb334
Beautiful Liar,Monsta X,6518e851c59c091e00e16137
Karaoke Lớn rồi còn khóc nhè - Trúc Nhân (Tone Nữ),Trúc Quỳnh,6518e7d4c59c091e00e15714
Đi Đu Đưa Đi,Bich Phuong,6518d70be846f5f15d1ead3c
Sắc Màu,Tran Thu Ha,6518d70be846f5f15d1eb3c1
Anh Sẽ Đón Em,Nguyễn,6518e851c59c091e00e16156
FAKE LOVE,BTS,6518e851c59c091e00e16028
Give Me a Kiss,Crash Adams,6518e851c59c091e00e1604c
Lửng Lơ (Remix),1 9 6 7,6518e7d4c59c091e00e15804
Cau Vong Khuyet,Tuan Hung,6518d70be846f5f15d1eb3db
Cánh Hồng Phai,Bang Kieu,6518d70be846f5f15d1ead16
라차타 LA chA TA,F(x),6518e851c59c091e00e1608c
Pumped Up Kicks,Foster the People,6518d70be846f5f15d1eaecb
Don’t Call Me Angel (Charlie’s Angels),Ariana Grande,6518d70be846f5f15d1eacdc
MƯA THÁNG SÁU,Trung Quan,6518e851c59c091e00e16229
từ ngày anh xa (feat. Kaisoul),Khoi My,6518e851c59c091e00e160fe
Hug,TVXQ!,6518e851c59c091e00e16232
Stay Alive (Prod. SUGA of BTS),Jungkook,6518e851c59c091e00e160ef
_WORLD,SEVENTEEN,6518e851c59c091e00e161ae
Nơi Này Có Anh,Son Tung M-TP,6518e851c59c091e00e161c7
Yeu Nhu Ngay Yeu Cuoi,Mai Tien Dung,6518d70be846f5f15d1eb0e9
you won't be there for me,Slchld,6518e851c59c091e00e161be
I'll Be Missing You (feat. Faith Evans & 112),Diddy,6518d70be846f5f15d1eae20
Way to Go,Soda State,6518d70be846f5f15d1eb2e9
mama boy,Amee,6518d70be846f5f15d1eacb4
Bo Xì Bo,Hoang Thuy Linh,6518d70be846f5f15d1eaf67
Kho Ve Nu Cuoi (feat. Du Uyen),Dat G,6518e851c59c091e00e16056
Đúng Cũng Thành Sai,My Tam,6518e851c59c091e00e1613e
Tháng Tư Là Lời Nói Dối Của Em,Ha Anh Tuan,6518e851c59c091e00e160aa
Yêu Người Có Ước Mơ,buitruonglinh,6518e851c59c091e00e16034
Lặng Thầm Một Tình Yêu,Ho Ngoc Ha,6518d70be846f5f15d1eaf59
Armaghetton,Marco Faraone,6518d70be846f5f15d1eb0fe
Genetics (feat. Pussycat Dolls),Meghan Trainor/The Pussycat Dolls,6518d70be846f5f15d1eaee2
Trái Tim Không Ngủ Yên,Bang Kieu,6518d70be846f5f15d1ead1b
11:11 (11 giờ 11 phút),Miina,6518e851c59c091e00e1612e
NIGHT DANCER,imase,6518e851c59c091e00e160c7
Where Are Ü Now (with Justin Bieber),Jack Ü,6518e851c59c091e00e160d3
Ngồi Nhìn Em Khóc,Sao,6518e851c59c091e00e161a7
Về Đâu Mái Tóc Người Thương,Quang Le,6518d70be846f5f15d1eb228
Nevada (feat. Cozi Zuehlsdorff),Vicetone,6518d70be846f5f15d1eb411
Just the Two of Us,Grover Washington/ Jr.,6518d70be846f5f15d1eb01f
tình yêu có nghĩa là gì?,Tlinh,6518e851c59c091e00e16210
Don't Give Up On Me,Andy Grammer,6518d70be846f5f15d1eacc0
I Love My Body,Hwa Sa,6518d70be846f5f15d1eaf91
Một thuở yêu người,Thanh Ha,6518d70be846f5f15d1eb350
lovely,Billie Eilish,6518d70be846f5f15d1ead44
Ngỏ Lời,Suni Ha Linh,6518e851c59c091e00e161e1
Señorita,Shawn Mendes/Camila Cabello,6518d70be846f5f15d1eb2b0
Dĩ Vãng Nhạt Nhòa,Ha Nhi,6518d70be846f5f15d1eaf2b
"xuân, hạ, thu, đông rồi lại xuân",Amee,6518e851c59c091e00e15ff5
Em Là,Mono,6518e851c59c091e00e16136
Dĩ Vãng,Trinh Nam Son,6518d70be846f5f15d1eb3ca
Cause I Love You,Noo Phuoc Thinh,6518d70be846f5f15d1eb19f
Con Tim Thật Thà,Trinh Nam Son,6518d70be846f5f15d1eb3c8
Giọt buồn không tên,Giang Tu,6518d70be846f5f15d1eaeec
Murder In My Mind,Kordhell,6518d70be846f5f15d1eb05b
Xin Gọi Nhau Là Cố Nhân,Quang Le,6518e851c59c091e00e16191
Unlock it (Lock It),Charli XCX,6518d70be846f5f15d1eadb9
SAD!,XXXTentacion,6518d70be846f5f15d1eb470
girls like me don't cry (sped up),Thuy,6518d70be846f5f15d1eb39f
5AM,Cá Hồi Hoang,6518e851c59c091e00e16051
Happy,Pharrell Williams,6518d70be846f5f15d1eb1ed
Rawww,YOURA,6518d70be846f5f15d1eb487
Bắt Cóc Con Tim,Lou Hoang,6518e851c59c091e00e1611b
simple love,Grey D,6518d70be846f5f15d1eaf1c
Cho Tôi Lang Thang,Ngot,6518d70be846f5f15d1eb17d
Familiar Face,RAIN,6518d70be846f5f15d1eb235
Unity,TheFatRat,6518d70be846f5f15d1eb38c
Mùa xuân đó có em,Đan Nguyên,6518d70be846f5f15d1eb48e
Snow On The Beach,Taylor Swift,6518d70be846f5f15d1eb33f
'yêu yêu yêu' mashup,Grey D,6518d70be846f5f15d1eaf19
Elevator,BAEKHO,6518d70be846f5f15d1ead12
C.R.E.A.M.,Wu-Tang Clan,6518d70be846f5f15d1eb46c
khi cô đơn em nhớ đến ai,Grey D,6518e851c59c091e00e160a4
Just the Two of Us (feat. Bill Withers),Grover Washington/ Jr./Bill Withers,6518d70be846f5f15d1eb01e
Xuân Này Con Về Mẹ Ở Đâu?,Quang Le,6518d70be846f5f15d1eb22a
TOMBOY,Hyukoh,6518e851c59c091e00e160c2
Chuyện Rằng,My Tam,6518d70be846f5f15d1eb15c
WHEN I MOVE,Kara,6518e851c59c091e00e160f8
Em Bé,Amee,6518d70be846f5f15d1eacb1
Right Now (Feat. Crush),COOGIE,6518d70be846f5f15d1eadec
Mo Money Mo Problems (feat. Puff Daddy & Mase),The Notorious B.I.G.,6518d70be846f5f15d1eb373
Don't Let Me Down (feat. Daya),The Chainsmokers,6518d70be846f5f15d1eb35e
Tháng Mấy Em Nhớ Anh?,Ha Anh Tuan,6518e851c59c091e00e160a9
wo ai ni,Trash Dee,6518e851c59c091e00e1621f
T.O.P. Twinkling of paradise,SHINHWA,6518d70be846f5f15d1eb2c6
Talkin’ About It (Feat. 24kGoldn),Jihyo,6518e851c59c091e00e160e1
Queencard,(G)I-DLE,6518d70be846f5f15d1eac5c
빛 (Hope),H.O.T.,6518d70be846f5f15d1eaf25
PS5,salem ilese,6518e851c59c091e00e161a2
So Right (feat. Yuna),Shaun,6518e851c59c091e00e161b0
Đi Học,Ta Quang Thang,6518e851c59c091e00e161ea
Phố Buồn,Thanh Thuy,6518d70be846f5f15d1eb352
BOCA,DREAMCATCHER,6518e851c59c091e00e1606c
Bóng Phù Hoa,Phuong My Chi,6518e851c59c091e00e1617f
NIGHT DANCER,imase,6518e851c59c091e00e160c8
Vùng Lá Me Bay,Nhu Quynh,6518d70be846f5f15d1eb18c
Cupid,Fifty Fifty,6518d70be846f5f15d1eaead
Sinh Ra Đã Là Thứ Đối Lập Nhau (feat. Badbies),Emcee L (Da LAB),6518e851c59c091e00e16079
1Tym,원타임,6518d70be846f5f15d1eb49d
Wrap Me In Plastic,momoland,6518e851c59c091e00e16135
Cảm Nắng,Suni Ha Linh,6518e851c59c091e00e161df
2AM,JustaTee,6518d70be846f5f15d1eb022
Say You Won't Let Go,James Arthur,6518d70be846f5f15d1eaff9
Ai Đưa Em Về,TiA,6518d70be846f5f15d1eb3a6
어머님께,god,6518d70be846f5f15d1eaf03
vào hạ,Suni Ha Linh,6518d70be846f5f15d1eb319
Shut Up and Dance,Walk The Moon,6518d70be846f5f15d1eb41f
Xem Như Em Chẳng May,Luong Bich Huu,6518d70be846f5f15d1eb0d5
MAISON,DREAMCATCHER,6518e851c59c091e00e1606e
Mắt Nai Cha Cha Cha,Hong Ngoc,6518d70be846f5f15d1eaf76
Hypnotize,The Notorious B.I.G.,6518d70be846f5f15d1eb372
NGTANOISE,Vsoul,6518d70be846f5f15d1eb415
죽어도 못 보내,2am,6518e7d4c59c091e00e1580a
Cầu Hôn,Van Mai Huong,6518d70be846f5f15d1eb409
"Em Không Sai, Chúng Ta Sai",Erik,6518e851c59c091e00e16083
Tình Ca Tình Ta (Cukak Remix),Kis,6518e851c59c091e00e16101
Vũ Trụ Có Anh (feat. Pháo),Phuong My Chi,6518d70be846f5f15d1eb1f4
SOLO,Jennie,6518e851c59c091e00e160dd
Be The One (feat. Yung Bae),DISCO DOM,6518d70be846f5f15d1eae2a
Tấm Lòng Son (Đại Mèo Remix) [Version 2],H-kray,6518e851c59c091e00e160a8
When I Rule the World,LiZ,6518d70be846f5f15d1eb0ac
Yêu Nhau Nhé Bạn Thân,Phạm Đình Thái Ngân,6518d70be846f5f15d1eb1fd
Người Tình Mùa Đông (feat. Quốc Khanh),Hoang Thuc Linh,6518d70be846f5f15d1eaf65
Tình Sầu Thiên Thu Muôn Lối,Phong Max,6518e851c59c091e00e1617c
Dẫu Có Lỗi Lầm,Bang Kieu,6518d70be846f5f15d1ead17
Một Ngày Chẳng Nắng (Cukak Remix),Phao,6518e851c59c091e00e16176
Người Thương Kẻ Nhớ,Phuong Anh,6518d70be846f5f15d1eb1f1
MY BAG,(G)I-DLE,6518e7d4c59c091e00e15801
Bo Peep Bo Peep,T-ara,6518e851c59c091e00e161e7
Hoa Mi Toc Nau,My Tam,6518d70be846f5f15d1eb15e
So Cool,Sistar,6518e851c59c091e00e161bc
Wannabe,Why Mona,6518d70be846f5f15d1eb451
Nàng Thơ,Hoang Dung,6518e851c59c091e00e160b6
Hoa Trinh Nữ,My Tam,6518d70be846f5f15d1eb15f
NU 예삐오 NU ABO,F(x),6518e851c59c091e00e1608b
Sea Of Problems,glichery,6518d70be846f5f15d1eaef9
Nửa Thập Kỷ (25 Mét Vuông),Hoang Dung,6518d70be846f5f15d1eaf60
Nắng Ấm Ngang Qua,Son Tung M-TP,6518e851c59c091e00e161c8
đen đá không đường,Amee,6518d70be846f5f15d1eacb6
Còn Thương Thì Không Để Em Khóc,Miu Le,6518d70be846f5f15d1eb13e
Real Love Still Exists,Henry,6518e851c59c091e00e160b0
dằm trong tim,Suni Ha Linh,6518d70be846f5f15d1eb318
My Prada (feat. Sik-K),SuEn,6518d70be846f5f15d1eb313
Yêu Thương Mong Manh,Quang Dung,6518d70be846f5f15d1eb226
You're The One That I Want,John Travolta,6518d70be846f5f15d1eb00c
Unforgettable (feat. Swae Lee),French Montana,6518d70be846f5f15d1eaed5
TOMBOY,(G)I-DLE,6518e7d4c59c091e00e15803
History,EXO,6518e851c59c091e00e16087
It′s Raining,RAIN,6518e851c59c091e00e16194
dự báo thời tiết hôm nay mưa,Grey D,6518d70be846f5f15d1eaf1a
How to Be a Heartbreaker,Marina,6518d70be846f5f15d1eb100
Time of Our Lives,Ne-Yo,6518d70be846f5f15d1eb16c
LOVE.,Kendrick Lamar,6518d70be846f5f15d1eb03c
Lost in the Fire,Gesaffelstein,6518d70be846f5f15d1eaee4
CHẠY NGAY ĐI,Son Tung M-TP,6518e851c59c091e00e161c3
like i need u,Keshi,6518d70be846f5f15d1eb041
Gặp May,Wren Evans,6518d70be846f5f15d1eb46a
Đã Từng Như Thế (Lofi),Nguyen Ha,6518e851c59c091e00e16154
Beggin',Måneskin,6518d70be846f5f15d1eb165
Love Me,Realestk,6518d70be846f5f15d1eb239
thay mọi cô gái yêu anh,Amee,6518e851c59c091e00e15ff3
vaicaunoicokhiennguoithaydoi,Grey D,6518e851c59c091e00e160a5
NO.1,BoA,6518d70be846f5f15d1ead5f
Mỗi Người Một Nơi,Ung Hoang Phuc,6518d70be846f5f15d1eb3f9
Evacuate The Dancefloor,Cascada,6518d70be846f5f15d1eadaa
Around the World (La La La La La),A Touch Of Class,6518d70be846f5f15d1eac79
tình yêu chậm trễ,MONSTAR - Topic,6518e7d4c59c091e00e157d4
Phiêu Nhịp Thở,Phuong Ly,6518d70be846f5f15d1eb1f2
Gangnam Style (강남스타일),Psy,6518d70be846f5f15d1eb21a
Dance To This,Troye Sivan,6518d70be846f5f15d1eb3ce
What 2 Do,Dean,6518e851c59c091e00e1605f
Phía Cuối Con Đường,Cara,6518d70be846f5f15d1eada2
"Eve, Psyche & The Bluebeard’s wife",LE SSERAFIM,6518e851c59c091e00e1610b
ghệ iu dấu của em ơi,Tlinh,6518e851c59c091e00e1620c
Người Ơi Người Ở Đừng Về (feat. Suboi),Đức Phúc,6518d70be846f5f15d1eb49b
Dancing Shoes (Take Me Higher),LF System,6518d70be846f5f15d1eb08f
Tình như lá bay xa,Jimmii Nguyen,6518d70be846f5f15d1eb009
BADBYE,Wean,6518d70be846f5f15d1eb42f
Ring,TOMORROW X TOGETHER,6518e851c59c091e00e1621a
Đi Qua Mùa Hạ,Thái Đinh,6518e851c59c091e00e16208
Tấm Ảnh Không Hồn,Le Quyen,6518d70be846f5f15d1eb080
Primadonna,Marina,6518d70be846f5f15d1eb101
Missing You,Phuong Ly,6518e851c59c091e00e1617d
Substitution,Purple Disco Machine,6518d70be846f5f15d1eb21d
Có Em Chờ,Min,6518e851c59c091e00e16132
Về Phía Mưa,The Bao,6518e851c59c091e00e161f7
Những buổi chiều vàng,Tu Quyen,6518d70be846f5f15d1eb3d9
'74-'75,The Connells,6518d70be846f5f15d1eb2fc
VIBE,TAEYANG,6518e851c59c091e00e161eb
Mưa phi trường,Lam Truong,6518d70be846f5f15d1eb06e
Solid Gold (feat. bshp),DISCIPLΞS,6518d70be846f5f15d1eae28
Time Spent Walking Through Memories (Feat. 10CM),SION,6518d70be846f5f15d1eb2d8
Hông Về Tình Iu (Not About Love),Khôi Vũ,6518d70be846f5f15d1eb048
Tim Lai Bau Troi,Tuan Hung,6518d70be846f5f15d1eb3de
All I Need,Jayda G,6518d70be846f5f15d1eaffd
Em Đã Biết,Suni Ha Linh,6518e851c59c091e00e161e0
Nơi Tình Yêu Bắt Đầu,Bang Kieu,6518d70be846f5f15d1ead19
Ain't Nobody (Loves Me Better),Felix Jaehn,6518e851c59c091e00e1608e
거짓말,god,6518d70be846f5f15d1eaf00
Thang Dien,JustaTee,6518e851c59c091e00e160f2
Con Đường Màu Xanh,Trinh Nam Son,6518d70be846f5f15d1eb3c9
từ thích thích thành thương thương,Amee,6518e851c59c091e00e15ff4
Xin Lỗi,Thang,6518e851c59c091e00e161f4
All The Stars,Kendrick Lamar,6518d70be846f5f15d1eb03a
Vai Lan Don Dua,Soobin Hoàng Sơn,6518e851c59c091e00e161cc
Tình Khúc Mùa Xuân,Si Phu,6518d70be846f5f15d1eb2d1
잔나비 (JANNABI) - 주저하는 연인들을 위해 (For Lovers Who Hesitate) | 가사,"Hello, My Music Player",6518e7d4c59c091e00e1569c
Chuyện Đôi Ta (feat. Muộii),Emcee L (Da LAB),6518e851c59c091e00e16078
Chúng Ta Của Hiện Tại,Son Tung M-TP,6518e851c59c091e00e161c2
Crazy In Love (feat. Jay-Z),Beyoncé,6518e851c59c091e00e16013
Love Me A Little,SHOWNU X HYUNGWON (MONSTA X),6518d70be846f5f15d1eb2cf
El Sol Se Va a Apagar,TFN,6518e851c59c091e00e161f3
Hẹn Ước Từ Hư Vô,My Tam,6518e851c59c091e00e1613c
Rồi Một Ngày Mình Nói Về Tình Yêu,Ho Ngoc Ha,6518d70be846f5f15d1eaf5a
có hẹn với thanh xuân,Suni Ha Linh,6518e851c59c091e00e161de
Bởi Vì Anh Yêu Em,Minh Tuyet,6518d70be846f5f15d1eb138
Nơi Mình Dừng Chân (Nhạc Phim Chị Trợ Lý Của Anh),My Tam,6518e851c59c091e00e1613d
Sài Gòn Đau Lòng Quá (feat. Hoàng Duyên),Hua Kim Tuyen,6518e851c59c091e00e160bf
Teddy Bear,STAYC,6518e851c59c091e00e161d2
Mot Nha,Da Lab,6518e851c59c091e00e16055
Future Perfect (Pass the MIC),ENHYPEN,6518e851c59c091e00e1607d
this is what autumn feels like,Jvke,6518e851c59c091e00e160f3
stacy's brother,Mad Tsai,6518d70be846f5f15d1eb2ff
Một Điều Chưa Nói,Hoang Dung,6518d70be846f5f15d1eaf5e
'Tâm tình' medley,Suni Ha Linh,6518e851c59c091e00e161dd
Nothin' on Me - Leah Marie Perez (Prod. VITALS) (original),Leah Marie Perez,6518e7d4c59c091e00e15745
Little Talks,Of Monsters And Men,6518e851c59c091e00e16160
"사랑, 하자 Let's Love",SUHO,6518e851c59c091e00e161dc
Nhu Nhung Phut Ban Dau,Hoai Lam,6518d70be846f5f15d1eaf5d
"Chiều Vắng (From ""Tháng 5 Để Dành"")",Trung Quan,6518e851c59c091e00e16227
"Ngày mai người ta lấy chồng - Voi Bản Đôn - Không tiếng cổ vũ, không Ban Giám Khảo!!!",Duke Nguyen,6518e7d4c59c091e00e1573e
See Tình,Hoang Thuy Linh,6518e851c59c091e00e160b9
Gõ Cửa Trái Tim,Mai Thien Van,6518e851c59c091e00e16120
rockstar,Post Malone,6518d70be846f5f15d1eb20f
Lắng Nghe Nước Mắt,Mr.siro,6518e851c59c091e00e1613a
Em Ve Tinh Khoi,Le Hieu,6518d70be846f5f15d1eb07d
Ai Chung Tình Được Mãi (Cover),Trung Quan,6518d70be846f5f15d1eb3d3
Light It Up (feat. Nyla & Fuse ODG) [Remix],Major Lazer,6518e851c59c091e00e16122
Cô Gái M52,Huyr,6518d70be846f5f15d1eaf8d
Drip Too Hard,Lil Baby,6518d70be846f5f15d1eb099
Waiting For You,Mono,6518d70be846f5f15d1eb143
Qua cơn mê,Ha Thanh Xuan,6518d70be846f5f15d1eaf2e
tình em là đại dương,Hoang Dung,6518d70be846f5f15d1eaf61
She,Jannabi,6518e851c59c091e00e160d6
BONVOYAGE,DREAMCATCHER,6518d70be846f5f15d1eae53
If I Ruled the World (Imagine That) (feat. Lauryn Hill),Nas,6518d70be846f5f15d1eb168
Faded,Alan Walker,6518d70be846f5f15d1eac93
Invisible Hand,✝✝✝ (Crosses),6518e7d4c59c091e00e156e2
Bật Tình Yêu Lên,Cukak,6518e851c59c091e00e1604e
Hãy Để Mưa Rơi,Ly Hai,6518d70be846f5f15d1eb0da
Happy Music,SuperShy,6518d70be846f5f15d1eb31e
Lại Nhớ Người Yêu,Đan Nguyên,6518e851c59c091e00e16272
Run It!,Chris Brown,6518d70be846f5f15d1eadca
Chơi Như Tụi Mỹ Remix ft. wokeupat4am x kewtiie,Andree Right Hand,6518e851c59c091e00e15ff9
Butter,BTS,6518e851c59c091e00e16025
Like California,Gen Neo,6518e851c59c091e00e1609d
It Must Have Been Love,Roxette,6518d70be846f5f15d1eb262
Running Up That Hill (A Deal With God),Kate Bush,6518d70be846f5f15d1eb272
Anh Nho Em,Tuan Hung,6518d70be846f5f15d1eb3da
Dancing With A Stranger,Sam Smith,6518e851c59c091e00e161a6
Youngblood,5 Seconds Of Summer,6518d70be846f5f15d1eac71
Nói Với Người Tình,Truong Vu,6518d70be846f5f15d1eb3d6
We Don't Talk Anymore (feat. Selena Gomez),Charlie Puth,6518d70be846f5f15d1eadbc
It Had to Be You (Big Band and Vocals),Harry Connick/ Jr.,6518e7d4c59c091e00e156e5
Không Yêu Xin Đừng Nói,UMIE,6518e851c59c091e00e16240
Use Me (Brutal Hearts),Diplo,6518d70be846f5f15d1eae27
Không Bằng - Rin Music Remix,NA,6518e851c59c091e00e16141
Xuân Thì,Ha Anh Tuan,6518e851c59c091e00e160ab
About Damn Time,Lizzo,6518d70be846f5f15d1eac7e
Ân Tình Chia Đôi (Remix),Tlong,6518e851c59c091e00e16213
Đá tan,Ngot,6518e851c59c091e00e16151
Từng Là Của Nhau,Bao Anh,6518d70be846f5f15d1ead1d
Out The Fire (At The Hotel),Franky Rizardo,6518d70be846f5f15d1eaed1
If the World Was Ending (feat. Julia Michaels),Jp Saxe,6518e851c59c091e00e160ec
"Ngày Tận Thế (feat. Da LAB, Touliver)",Toc Tien,6518e851c59c091e00e16215
Em Đã Thương Người Ta Hơn Anh,Noo Phuoc Thinh,6518d70be846f5f15d1eb1a0
Hai Đứa Trẻ (feat. Suboi),Phuong My Chi,6518d70be846f5f15d1eb1f3
Rao Bán Vần Thơ Say,Đan Nguyên,6518d70be846f5f15d1eb48f
Đưa Nhau Đi Trốn,Đen,6518e851c59c091e00e16275
Vẫn Nhớ,Soobin Hoàng Sơn,6518e851c59c091e00e161cd
Rude,Magic!,6518d70be846f5f15d1eb0e8
Like I'm Gonna Lose You (feat. John Legend),Meghan Trainor,6518d70be846f5f15d1eb124
Barbie World (with Aqua) [From Barbie The Album],Nicki Minaj,6518d70be846f5f15d1eb18f
Bong Hoa Dep Nhat,Quan A.P,6518e851c59c091e00e1618c
Một Ngàn Nỗi Đau,Van Mai Huong,6518d70be846f5f15d1eb40a
Doc Thoai,Tuan Hung,6518d70be846f5f15d1eb3dc
The Less I Know The Better,Tame Impala,6518d70be846f5f15d1eb332
Old Love,Yuji,6518d70be846f5f15d1eb488
All Girls Are The Same,Juice Wrld,6518d70be846f5f15d1eb011
GIAYPHUT,Kidsai,6518d70be846f5f15d1eb049
Thả Vào Mưa,Trung Quan Idol,6518e851c59c091e00e1622f
anh nhà ở đâu thế,Amee,6518d70be846f5f15d1eacb0
Hoa Long Anh Van Tim,Manh Quynh,6518d70be846f5f15d1eb0fc
Chiều Tây đô,Hoang Oanh,6518d70be846f5f15d1eaf62
아틀란티스 소녀 Atlantis Princess,BoA,6518d70be846f5f15d1ead61
Ngày Mưa Em Có Buồn Không,Trung Quan,6518e851c59c091e00e1622a
Muộn Rồi Mà Sao Còn,Son Tung M-TP,6518e851c59c091e00e161c6
NHƯ ANH ĐÃ THẤY EM (REMIX HOT TIKTOK),Orinn,6518e851c59c091e00e1616c
Just Give Me a Reason (feat. Nate Ruess),P!nk,6518d70be846f5f15d1eb1d6
Chờ Mãi Một Cơn Mưa,Charles Huynh,6518e851c59c091e00e1603d
679 (feat. Monty),Fetty Wap,6518e851c59c091e00e1608f
"ex's hate me, Pt. 2",Amee,6518d70be846f5f15d1eacb3
Nơi Tình Yêu Kết Thúc,Bui Anh Tuan,6518e851c59c091e00e1602f
Shay Nắnggg,Amee,6518d70be846f5f15d1eacb5
Dance The Night,Dua Lipa,6518d70be846f5f15d1eae5e
The Chain,Fleetwood Mac,6518e851c59c091e00e16096
Drive5,Hwi Young,6518d70be846f5f15d1eaf92
Wishing On You,Jihyo,6518e851c59c091e00e160e2
Hơn Em Chỗ Nào,Thuy Chi,6518d70be846f5f15d1eb3a1
아.미.고 Amigo,SHINee,6518e851c59c091e00e161b7
Earned It (Fifty Shades Of Grey),The Weeknd,6518d70be846f5f15d1eb386
Người Ta Nói,Ung Hoang Phuc,6518d70be846f5f15d1eb3fa
Years,Alesso,6518d70be846f5f15d1eac97
Đường Ai Nấy Đi,Bui Anh Tuan,6518e851c59c091e00e16030
SCAR (Prod. BOYCOLD),24kgoldn,6518e7d4c59c091e00e15809
"Sau Này, Hãy Gặp Lại Nhau Khi Hoa Nở",Nguyen Ha,6518e851c59c091e00e16153
Duyên Âm,Hoang Thuy Linh,6518d70be846f5f15d1eaf68
Giac Mo Chi La Giac Mo,Ho Ngoc Ha,6518d70be846f5f15d1eaf58
nếu lúc đó,Tlinh,6518d70be846f5f15d1eb3ae
Lý Do Là Gì,Nguyễn Vĩ,6518e851c59c091e00e16157
Mot Thuo Yeu Nguoi,Luu Bich,6518d70be846f5f15d1eb0d7
Thế Thôi,Hải Sâm,6518e851c59c091e00e160c4
Must Be Love,Tseba,6518d70be846f5f15d1eb3d8
Old Town Road,Lil Nas X,6518d70be846f5f15d1eb09b
Tiếng Mưa Đêm,Khanh Ha,6518d70be846f5f15d1eb046
Nuối Tiếc,Quynh Vi,6518d70be846f5f15d1eb231
có hẹn với thanh xuân,Monstar,6518e851c59c091e00e16138
Một thời đã xa,Phuong Thanh,6518d70be846f5f15d1eb1f6
Bad Decisions,Benny Blanco,6518e851c59c091e00e16011
Your Existence,원슈타인,6518e851c59c091e00e16280
7HEAVEN,Purple Kiss,6518d70be846f5f15d1eb21e
Hẹn Một Mai & Yêu Là Tha Thu (Ký Ức Part 2),Nguyen Ha,6518d70be846f5f15d1eb17e
Nightmare,Jihyo,6518e851c59c091e00e160e0
Nếu Em Không Về,Song Luan,6518e851c59c091e00e161c9
Shhh,Kiss of Life,6518d70be846f5f15d1eb056
Smooth Operator,Sade,6518d70be846f5f15d1eb283
2 soon,Keshi,6518d70be846f5f15d1eb040
Perfect Duet (with Beyoncé),Ed Sheeran,6518e851c59c091e00e16075
Respect,Shinae An,6518e851c59c091e00e161b4
Phút Cuối,Che Linh,6518d70be846f5f15d1eadbf
캔디 (Candy),H.O.T.,6518d70be846f5f15d1eaf26
Gia Ngay Dau Dung Noi Thuong Nhau,IsaAc,6518d70be846f5f15d1eafe4
Sunrise 4 2,Hans Hu$tle,6518e7d4c59c091e00e157a3
Rain On Me,Lady Gaga,6518d70be846f5f15d1eb067
Chưa Quên Người Yêu Cũ,Ha Nhi,6518d70be846f5f15d1eaf2a
This Way,Cara,6518d70be846f5f15d1eada3
Fiction,Highlight,6518e851c59c091e00e160b4
"Yours (feat. LeeHi, CHANGMO)",Raiden,6518e851c59c091e00e16193
ID;Peace B,BoA,6518d70be846f5f15d1eb1e3
Love Is Gone,Slander,6518d70be846f5f15d1eb2dc
Push,Ryan Gosling,6518d70be846f5f15d1eb277
Sorry,The Rose,6518e851c59c091e00e161fd
"Hey, Come On !",SHINHWA,6518d70be846f5f15d1eb2c3
Xuân Này Con Không Về,Quang Le,6518d70be846f5f15d1eb229
Sau Cơn Mưa,Coolkid,6518e851c59c091e00e1604b
What is Love,Haddaway,6518d70be846f5f15d1eaf2f
In Your Eyes (feat. Alida),Robin Schulz,6518d70be846f5f15d1eb257
Yêu Một Người Có Lẽ,Lou Hoang,6518d70be846f5f15d1eb0be
Thành Phố Buồn,Che Linh,6518d70be846f5f15d1eadc0
Darling,Suran,6518e851c59c091e00e161e4
Walk Thru Fire,Vicetone,6518d70be846f5f15d1eb412
Hương (Cukak Remix),Van Mai Huong,6518e851c59c091e00e16247
Ước Mơ Của Mẹ (feat. Hứa Kim Tuyền),Van Mai Huong,6518d70be846f5f15d1eb40b
Under the Full Moon,Alok,6518e851c59c091e00e15ff1
Hỡi Người Tình,Nhu Loan,6518d70be846f5f15d1eb186
Coffee Cold,Galt MacDermot,6518e7d4c59c091e00e15661
Xem Như Em Chẳng May,Orinn,6518e851c59c091e00e1616e
Mùa Hè Phía Chân Trời,Trung Quan,6518e851c59c091e00e16228
Nào Biết Nào Hay? (Quizas?),Huong Thuy,6518d70be846f5f15d1eaf8a
Lucid Dreams,Juice Wrld,6518d70be846f5f15d1eb012
Barbie Dreams (feat. Kaliii) [From Barbie The Album],Fifty Fifty,6518e851c59c091e00e16092
Fizzled,Hyolyn,6518d70be846f5f15d1eaf93
girls like me don't cry,Thuy,6518d70be846f5f15d1eb3a0
LA CANCIÓN,J Balvin,6518d70be846f5f15d1eaff4
No Lie,Sean Paul,6518d70be846f5f15d1eb29d
Tamed-Dashed,ENHYPEN,6518e851c59c091e00e16081
Maria,Hwa Sa,6518e851c59c091e00e160c1
Magic in the Air (feat. Ahmed Chawki),Magic System,6518d70be846f5f15d1eb0e7
Bước Qua Mùa Cô Đơn,Vu,6518d70be846f5f15d1eb416
Nhịp Cầu Tri Âm,Nhu Quynh,6518d70be846f5f15d1eb18b
Cô Đơn Trên Sofa,Ho Ngoc Ha,6518d70be846f5f15d1eaf56
Just A Feeling,S.E.S.,6518d70be846f5f15d1eb27c
anh sẽ đến cùng cơn mưa,Hua Kim Tuyen,6518e851c59c091e00e160bd
Jewelry (Prod. imase),LE SSERAFIM,6518e851c59c091e00e1610e
Hương (feat. Negav),Van Mai Huong,6518e851c59c091e00e16248
Khung Trời Ngày Xưa,IsaAc,6518d70be846f5f15d1eafe5
cô ấy của anh ấy,Bao Anh,6518d70be846f5f15d1ead1c
MANIAC -Japanese version-,Stray Kids,6518e851c59c091e00e161d8
Happier Than Ever,astn,6518d70be846f5f15d1eace6
Con Đường Mưa,Cao Thai Son,6518d70be846f5f15d1ead9d
boyfriend,Ariana Grande,6518e851c59c091e00e16001
Nhớ về em,Jimmii Nguyen,6518d70be846f5f15d1eb008
Sáng Mắt Chưa,Truc Nhan,6518d70be846f5f15d1eb3cf
Bật Tình Yêu Lên (Remix),Orinn,6518e851c59c091e00e16168
Có Chàng Trai Viết Lên Cây,Phan Manh Quynh,6518e851c59c091e00e16175
Thức Giấc,Da Lab,6518d70be846f5f15d1eae01
dumb dumb,Mazie,6518d70be846f5f15d1eb11d
Straight Outta Compton,N.W.A,6518d70be846f5f15d1eb166
Bài Ka Tuổi Trẻ,Jgkid,6518e851c59c091e00e160df
Khúc Valse Hoàng Hôn,Đặng Giang,6518e851c59c091e00e16279
Quên Đi Tình Yêu Cũ,Trinh Nam Son,6518d70be846f5f15d1eb3cb
I Miss You (feat. Julia Michaels),Clean Bandit/Julia Michaels,6518d70be846f5f15d1eafb7
Take Me To Church,Hozier,6518d70be846f5f15d1eaf83
Liên Khúc Đừng Nói Xa Nhau,Elvis Phương - Hương Lan - Ngọc Bích - Anh Sơn,6518d70be846f5f15d1eae72
Minh Yeu Nhau Bao Lau,Bao Anh,6518e851c59c091e00e1600d
All Cried Out (feat. Alex Newell),Blonde,6518d70be846f5f15d1ead59
Call My Name,Blond:ish,6518d70be846f5f15d1ead5a
Ma quale idea - Myd Remix,Pino D'Angiò,6518d70be846f5f15d1eb203
행복 (Full of happiness),H.O.T.,6518d70be846f5f15d1eaf27
93 'Til Infinity,Souls of Mischief,6518d70be846f5f15d1eb2f5
I DO,(G)I-DLE,6518d70be846f5f15d1eac5b
All Eyez On Me,2Pac,6518d70be846f5f15d1eac6c
Bao Giờ Lấy Chồng,Bich Phuong,6518d70be846f5f15d1ead3b
"Tệ Thật, Anh Nhớ Em",Thanh Hung,6518d70be846f5f15d1eb351
yêu anh đi mẹ anh bán bánh mì,PHÚC DU,6518d70be846f5f15d1eb1f8
N.Flying (엔플라잉) -  Rooftop (옥탑방) [MP3 Audio] [FLY HIGH PROJECT #2 `옥탑방`],Bugs Music Channel,6518e7d4c59c091e00e15768
lời tạm biệt chưa nói,Grey D,6518d70be846f5f15d1eaf1b
Độ Tộc 2,Do Mixi,6518d70be846f5f15d1eae31
Thói Quen (25 Mét Vuông) [feat. Gducky],Hoang Dung,6518e851c59c091e00e160b7
Sunflower,Post Malone,6518d70be846f5f15d1eb210
Cứu Vãn Kịp Không,Vuong Anh Tu,6518e851c59c091e00e16250
Tình Em Là Đại Dương,Cam,6518d70be846f5f15d1ead94
Feel So Close,Calvin Harris,6518d70be846f5f15d1ead8e
Sugarcoat (NATTY Solo),Kiss of Life,6518d70be846f5f15d1eb057
Hit 'Em Up,2Pac,6518d70be846f5f15d1eac6e
Killin’ Me Good,Jihyo,6518d70be846f5f15d1eb007
05 (Không Phai),Vu Trung Quan,6518e851c59c091e00e1624e
Người Như Anh,Mai Tien Dung,6518e851c59c091e00e16121
That That (prod.&feat. SUGA of BTS),Psy,6518e851c59c091e00e16186
Better Day,Wh0,6518d70be846f5f15d1eb433
Vị Ngọt Đôi Môi,Quang Dung,6518d70be846f5f15d1eb225
Timber (feat. Ke$ha),Pitbull,6518d70be846f5f15d1eb205
Hoa Cỏ Lau,Phong Max,6518e851c59c091e00e1617a
Di Ve Noi Xa,Dan Truong,6518d70be846f5f15d1eae07
I Don’t Wanna Live Forever (Fifty Shades Darker),ZAYN,6518d70be846f5f15d1eb48c
Người Tình Mùa Đông,Nhu Quynh,6518d70be846f5f15d1eb18a
Tự Tình 2,Trung Quan,6518e851c59c091e00e1622b
Payphone,Maroon 5,6518d70be846f5f15d1eb10f
Tự Dưng Nhớ Anh,Ha Nhi,6518e851c59c091e00e160ad
Kìa Bóng Dáng Ai,Phao,6518d70be846f5f15d1eb1ec
촛불하나,god,6518d70be846f5f15d1eaf04
Vì Em Chưa Bao Giờ Khóc,Ha Nhi,6518d70be846f5f15d1eaf2d
Cheerleader (Felix Jaehn Remix),OMI,6518e851c59c091e00e16162
Thà Rằng Như Thế,Ung Hoang Phuc,6518d70be846f5f15d1eb3fb
Deja Vu,DREAMCATCHER,6518e851c59c091e00e1606d
Close To The Sun,TheFatRat,6518d70be846f5f15d1eb38a
Mưa Tháng Sáu,Van Mai Huong,6518e851c59c091e00e16249
Cây Đàn Sinh Viên,My Tam,6518d70be846f5f15d1eb15d
Yellow,Coldplay,6518d70be846f5f15d1eade4
NGƯỜI LẠ TRONG MƠ,Khac Hung,6518e851c59c091e00e160fa
Trước Khi Em Tồn Tại,Thang,6518d70be846f5f15d1eb34f
Đi Qua Mùa Hạ,Thái Đinh,6518e851c59c091e00e16207
Wild Flower (with youjeen),Rm,6518e851c59c091e00e1619c
Nam Lay Tay Anh,Tuan Hung,6518d70be846f5f15d1eb3dd
Before You Go,Lewis Capaldi,6518d70be846f5f15d1eb08d
Don't Go,Julie McDermott,6518d70be846f5f15d1eb013
Shots,Imagine Dragons,6518d70be846f5f15d1eafd8
Khi Có Chàng,Ngoc Huong,6518d70be846f5f15d1eb17b
Một Ngày Chẳng Nắng,Phao,6518e851c59c091e00e16177
For You (Feat. Crush),LeeHi,6518e851c59c091e00e16112
My Boo,Usher,6518e851c59c091e00e16242
High On Life (feat. Bonn),Martin Garrix,6518d70be846f5f15d1eb113
Hoa Cưới,Đạt Long Vĩnh,6518e851c59c091e00e16278
Ngã Tư Không Đèn,Cara,6518d70be846f5f15d1eada1
What's Luv? (feat. Ashanti),Fat Joe,6518d70be846f5f15d1eaea3
I'm A Woman,Essel,6518d70be846f5f15d1eae85
Yêu Em Rất Nhiều,Hoang Ton,6518d70be846f5f15d1eaf6a
Sage,FTIsland,6518d70be846f5f15d1eaed8
